date, pm25
2023/12/2, 170
2023/12/3, 185
2023/11/1, 168
2023/11/2, 193
2023/11/3, 134
2023/11/4, 121
2023/11/5, 135
2023/11/6, 171
2023/11/7, 192
2023/11/8, 190
2023/11/9, 167
2023/11/10, 135
2023/11/11, 149
2023/11/12, 158
2023/11/13, 162
2023/11/14, 152
2023/11/15, 162
2023/11/16, 180
2023/11/17, 164
2023/11/18, 178
2023/11/19, 244
2023/11/20, 206
2023/11/21, 189
2023/11/22, 190
2023/11/23, 164
2023/11/24, 179
2023/11/25, 186
2023/11/26, 166
2023/11/27, 206
2023/11/28, 197
2023/11/29, 190
2023/10/1, 157
2023/10/2, 106
2023/10/3, 94
2023/10/4, 87
2023/10/5, 99
2023/10/6, 96
2023/10/7, 89
2023/10/8, 89
2023/10/9, 92
2023/10/10, 77
2023/10/11, 82
2023/10/12, 90
2023/10/13, 90
2023/10/14, 81
2023/10/15, 87
2023/10/16, 93
2023/10/17, 77
2023/10/18, 114
2023/10/19, 118
2023/10/20, 95
2023/10/21, 111
2023/10/22, 89
2023/10/23, 112
2023/10/24, 115
2023/10/25, 105
2023/10/26, 93
2023/10/27, 100
2023/10/28, 109
2023/10/29, 124
2023/10/30, 119
2023/10/31, 155
2023/7/1, 58
2023/7/2, 68
2023/7/3, 77
2023/7/4, 86
2023/7/5, 79
2023/7/6, 91
2023/7/7, 118
2023/7/8, 138
2023/7/9, 134
2023/7/10, 117
2023/7/11, 103
2023/7/12, 96
2023/7/13, 98
2023/7/14, 89
2023/7/15, 88
2023/7/16, 84
2023/7/17, 88
2023/7/18, 84
2023/7/19, 88
2023/7/20, 95
2023/7/21, 93
2023/7/22, 92
2023/7/23, 68
2023/7/24, 59
2023/7/25, 66
2023/7/26, 64
2023/7/27, 60
2023/7/28, 59
2023/7/29, 53
2023/7/30, 62
2023/7/31, 74
2023/8/1, 82
2023/8/2, 79
2023/8/3, 83
2023/8/4, 85
2023/8/5, 81
2023/8/6, 76
2023/8/7, 75
2023/8/8, 85
2023/8/9, 76
2023/8/10, 73
2023/8/11, 72
2023/8/12, 70
2023/8/13, 73
2023/8/14, 76
2023/8/15, 75
2023/8/16, 76
2023/8/17, 64
2023/8/18, 67
2023/8/19, 68
2023/8/20, 64
2023/8/21, 63
2023/8/22, 61
2023/8/23, 63
2023/8/24, 65
2023/8/25, 65
2023/8/26, 69
2023/8/27, 70
2023/8/28, 71
2023/8/29, 74
2023/8/30, 70
2023/8/31, 67
2023/9/1, 71
2023/9/2, 72
2023/9/3, 68
2023/9/4, 70
2023/9/5, 76
2023/9/6, 80
2023/9/7, 70
2023/9/8, 70
2023/9/9, 59
2023/9/10, 55
2023/9/11, 56
2023/9/12, 58
2023/9/13, 60
2023/9/14, 66
2023/9/15, 66
2023/9/16, 65
2023/9/17, 63
2023/9/18, 65
2023/9/26, 183
2023/9/27, 173
2023/9/28, 152
2023/9/29, 118
2023/9/30, 144
2023/4/1, 62
2023/4/2, 68
2023/4/3, 69
2023/4/4, 48
2023/4/5, 60
2023/4/6, 68
2023/4/7, 98
2023/4/8, 92
2023/4/9, 69
2023/4/10, 68
2023/4/11, 82
2023/4/12, 85
2023/4/13, 35
2023/4/14, 71
2023/4/15, 79
2023/4/16, 85
2023/4/17, 64
2023/4/18, 66
2023/4/19, 83
2023/4/20, 72
2023/4/21, 64
2023/4/22, 69
2023/4/23, 78
2023/4/24, 82
2023/4/25, 81
2023/4/26, 62
2023/4/27, 62
2023/4/28, 61
2023/4/29, 86
2023/4/30, 74
2023/5/1, 62
2023/5/2, 77
2023/5/3, 86
2023/5/4, 98
2023/5/5, 78
2023/5/6, 76
2023/5/7, 89
2023/5/8, 82
2023/5/9, 89
2023/5/10, 88
2023/5/11, 86
2023/5/12, 62
2023/5/13, 62
2023/5/14, 61
2023/5/15, 63
2023/5/16, 65
2023/5/17, 59
2023/5/18, 62
2023/5/19, 61
2023/5/20, 61
2023/5/21, 57
2023/5/22, 62
2023/5/23, 57
2023/5/24, 65
2023/5/25, 64
2023/5/26, 64
2023/5/27, 63
2023/5/28, 54
2023/5/29, 62
2023/5/30, 48
2023/5/31, 47
2023/6/1, 55
2023/6/2, 63
2023/6/3, 70
2023/6/4, 80
2023/6/5, 62
2023/6/6, 60
2023/6/7, 64
2023/6/8, 65
2023/6/9, 60
2023/6/10, 60
2023/6/11, 50
2023/6/12, 72
2023/6/13, 75
2023/6/14, 73
2023/6/15, 76
2023/6/16, 84
2023/6/17, 128
2023/6/18, 116
2023/6/19, 91
2023/6/20, 92
2023/6/21, 84
2023/6/22, 86
2023/6/23, 80
2023/6/24, 81
2023/6/25, 82
2023/6/26, 78
2023/6/27, 77
2023/6/28, 73
2023/6/29, 63
2023/6/30, 61
2023/1/2, 176
2023/1/3, 147
2023/1/4, 134
2023/1/5, 141
2023/1/6, 139
2023/1/7, 149
2023/1/8, 153
2023/1/9, 195
2023/1/10, 172
2023/1/11, 130
2023/1/12, 233
2023/1/13, 179
2023/1/14, 155
2023/1/15, 152
2023/1/16, 172
2023/1/17, 201
2023/1/18, 248
2023/1/19, 163
2023/1/20, 135
2023/1/21, 132
2023/1/22, 141
2023/1/23, 130
2023/1/26, 120
2023/1/27, 129
2023/1/28, 130
2023/1/29, 158
2023/1/30, 119
2023/2/1, 169
2023/2/2, 204
2023/2/3, 231
2023/2/4, 171
2023/2/5, 112
2023/2/6, 118
2023/2/7, 146
2023/2/8, 111
2023/2/9, 95
2023/2/10, 76
2023/2/11, 136
2023/2/12, 120
2023/2/13, 124
2023/2/14, 124
2023/2/15, 142
2023/2/16, 100
2023/2/17, 110
2023/2/18, 147
2023/2/19, 73
2023/2/20, 98
2023/2/21, 111
2023/2/22, 79
2023/2/23, 100
2023/2/24, 101
2023/2/25, 104
2023/2/26, 79
2023/2/27, 83
2023/2/28, 86
2023/3/1, 137
2023/3/2, 139
2023/3/3, 127
2023/3/4, 123
2023/3/5, 144
2023/3/6, 134
2023/3/7, 149
2023/3/8, 139
2023/3/9, 150
2023/3/10, 183
2023/3/11, 96
2023/3/12, 86
2023/3/13, 98
2023/3/14, 82
2023/3/15, 76
2023/3/16, 74
2023/3/17, 90
2023/3/18, 106
2023/3/19, 108
2023/3/20, 89
2023/3/21, 99
2023/3/22, 54
2023/3/23, 52
2023/3/24, 109
2023/3/25, 90
2023/3/26, 106
2023/3/27, 82
2023/3/28, 69
2023/3/29, 63
2023/3/30, 63
2023/3/31, 78
2022/10/1, 55
2022/10/2, 34
2022/10/3, 45
2022/10/4, 53
2022/10/5, 68
2022/10/6, 64
2022/10/7, 82
2022/10/8, 130
2022/10/9, 142
2022/10/10, 124
2022/10/11, 123
2022/10/12, 85
2022/10/13, 91
2022/10/18, 66
2022/10/19, 80
2022/10/20, 84
2022/10/21, 142
2022/10/22, 183
2022/10/23, 142
2022/10/24, 109
2022/10/25, 85
2022/10/26, 89
2022/10/27, 88
2022/10/28, 104
2022/10/29, 118
2022/10/30, 111
2022/10/31, 89
2022/11/1, 102
2022/11/2, 95
2022/11/3, 99
2022/11/4, 99
2022/11/5, 137
2022/11/6, 106
2022/11/7, 105
2022/11/8, 135
2022/11/9, 153
2022/11/10, 142
2022/11/11, 167
2022/11/12, 152
2022/11/13, 94
2022/11/14, 83
2022/11/15, 163
2022/11/16, 160
2022/11/17, 163
2022/11/18, 122
2022/11/19, 120
2022/11/20, 147
2022/11/21, 146
2022/11/22, 146
2022/11/23, 166
2022/11/24, 150
2022/11/25, 126
2022/11/26, 137
2022/11/27, 114
2022/11/28, 171
2022/11/29, 206
2022/11/30, 170
2022/12/1, 176
2022/12/2, 204
2022/12/3, 146
2022/12/4, 172
2022/12/5, 162
2022/12/6, 201
2022/12/7, 210
2022/12/8, 187
2022/12/9, 158
2022/12/10, 173
2022/12/11, 160
2022/12/12, 160
2022/12/13, 163
2022/12/14, 160
2022/12/15, 172
2022/12/16, 196
2022/12/17, 166
2022/12/18, 193
2022/12/19, 174
2022/12/20, 175
2022/12/21, 170
2022/12/22, 161
2022/12/23, 160
2022/12/24, 170
2022/12/25, 181
2022/12/26, 178
2022/12/27, 169
2022/12/28, 194
2022/12/29, 101
2022/12/30, 136
2022/12/31, 136
2023/1/1, 146
2022/7/1, 77
2022/7/2, 82
2022/7/3, 92
2022/7/4, 87
2022/7/5, 95
2022/7/6, 105
2022/7/7, 67
2022/7/8, 74
2022/7/9, 53
2022/7/10, 58
2022/7/11, 34
2022/7/12, 70
2022/7/13, 77
2022/7/14, 75
2022/7/15, 63
2022/7/16, 73
2022/7/17, 60
2022/7/18, 43
2022/7/19, 62
2022/7/20, 51
2022/7/21, 63
2022/7/22, 58
2022/7/23, 66
2022/7/24, 56
2022/7/25, 55
2022/7/26, 63
2022/7/27, 55
2022/7/28, 59
2022/7/29, 63
2022/7/30, 68
2022/7/31, 63
2022/8/1, 72
2022/8/2, 86
2022/8/3, 83
2022/8/4, 83
2022/8/5, 78
2022/8/6, 87
2022/8/7, 88
2022/8/8, 82
2022/8/9, 86
2022/8/10, 100
2022/8/11, 109
2022/8/12, 64
2022/8/13, 70
2022/8/14, 56
2022/8/15, 60
2022/8/16, 82
2022/8/17, 59
2022/8/18, 65
2022/8/19, 86
2022/8/20, 81
2022/8/21, 77
2022/8/22, 84
2022/8/23, 94
2022/8/24, 84
2022/8/25, 91
2022/8/26, 86
2022/8/27, 85
2022/8/28, 70
2022/8/29, 78
2022/8/30, 87
2022/8/31, 76
2022/9/1, 62
2022/9/2, 63
2022/9/3, 58
2022/9/4, 54
2022/9/5, 68
2022/9/6, 72
2022/9/7, 77
2022/9/8, 91
2022/9/9, 103
2022/9/10, 116
2022/9/11, 68
2022/9/12, 80
2022/9/13, 105
2022/9/14, 90
2022/9/15, 75
2022/9/16, 74
2022/9/17, 77
2022/9/18, 86
2022/9/19, 87
2022/9/20, 75
2022/9/21, 69
2022/9/22, 63
2022/9/23, 58
2022/9/24, 55
2022/9/25, 57
2022/9/26, 64
2022/9/27, 68
2022/9/28, 65
2022/9/29, 64
2022/9/30, 59
2022/4/1, 160
2022/4/2, 121
2022/4/3, 95
2022/4/4, 88
2022/4/5, 93
2022/4/6, 105
2022/4/7, 101
2022/4/8, 106
2022/4/9, 96
2022/4/10, 96
2022/4/11, 110
2022/4/12, 107
2022/4/13, 100
2022/4/14, 105
2022/4/15, 123
2022/4/16, 90
2022/4/17, 89
2022/4/18, 91
2022/4/19, 94
2022/4/20, 95
2022/4/24, 51
2022/4/25, 53
2022/4/26, 55
2022/4/27, 72
2022/4/28, 81
2022/4/29, 86
2022/4/30, 93
2022/5/1, 96
2022/5/2, 88
2022/5/3, 95
2022/5/4, 100
2022/5/5, 139
2022/5/6, 141
2022/5/7, 143
2022/5/8, 94
2022/5/9, 89
2022/5/10, 114
2022/5/11, 111
2022/5/12, 89
2022/5/13, 106
2022/5/14, 87
2022/5/15, 145
2022/5/16, 154
2022/5/17, 129
2022/6/14, 71
2022/6/15, 106
2022/6/16, 89
2022/6/22, 167
2022/6/23, 149
2022/6/24, 139
2022/6/27, 99
2022/6/28, 85
2022/6/29, 82
2022/6/30, 61
2022/1/14, 162
2022/1/15, 150
2022/1/16, 152
2022/1/17, 169
2022/1/18, 173
2022/1/19, 227
2022/1/20, 105
2022/1/21, 105
2022/1/22, 246
2022/1/23, 155
2022/1/24, 193
2022/1/25, 178
2022/1/26, 172
2022/1/27, 200
2022/1/28, 203
2022/1/29, 118
2022/1/30, 118
2022/1/31, 98
2022/2/1, 170
2022/2/2, 146
2022/2/3, 197
2022/2/4, 134
2022/2/5, 121
2022/2/6, 73
2022/2/7, 96
2022/2/8, 106
2022/2/9, 150
2022/2/10, 162
2022/2/11, 152
2022/2/12, 123
2022/2/13, 85
2022/2/14, 124
2022/2/15, 150
2022/2/16, 149
2022/2/17, 124
2022/2/18, 115
2022/2/19, 184
2022/2/20, 119
2022/2/21, 79
2022/2/22, 99
2022/2/23, 160
2022/2/24, 170
2022/2/25, 140
2022/2/26, 143
2022/2/27, 153
2022/2/28, 133
2022/3/1, 137
2022/3/2, 97
2022/3/3, 121
2022/3/4, 118
2022/3/5, 129
2022/3/6, 82
2022/3/7, 114
2022/3/8, 157
2022/3/9, 134
2022/3/10, 123
2022/3/11, 155
2022/3/12, 138
2022/3/13, 97
2022/3/14, 91
2022/3/15, 89
2022/3/16, 93
2022/3/17, 91
2022/3/18, 92
2022/3/19, 139
2022/3/20, 139
2022/3/21, 133
2022/3/22, 137
2022/3/23, 107
2022/3/24, 101
2022/3/25, 138
2022/3/26, 135
2022/3/27, 123
2022/3/28, 104
2022/3/29, 97
2022/3/30, 165
2022/3/31, 174
2021/10/1, 60
2021/10/2, 55
2021/10/3, 61
2021/10/4, 64
2021/10/5, 72
2021/10/6, 102
2021/10/7, 135
2021/10/8, 98
2021/10/9, 93
2021/10/10, 78
2021/10/11, 103
2021/10/12, 160
2021/10/13, 168
2021/10/14, 146
2021/10/15, 137
2021/10/16, 103
2021/10/17, 146
2021/10/18, 92
2021/10/19, 74
2021/10/20, 69
2021/10/21, 67
2021/10/22, 60
2021/10/23, 162
2021/10/24, 163
2021/10/25, 161
2021/10/26, 161
2021/10/27, 165
2021/10/28, 205
2021/10/29, 149
2021/10/30, 165
2021/10/31, 115
2021/11/1, 113
2021/11/2, 127
2021/11/3, 195
2021/11/4, 194
2021/11/5, 194
2021/11/6, 172
2021/11/7, 231
2021/11/8, 201
2021/11/9, 213
2021/11/10, 226
2021/11/11, 210
2021/7/1, 88
2021/7/2, 86
2021/7/3, 81
2021/7/4, 72
2021/7/5, 71
2021/7/6, 74
2021/7/7, 68
2021/7/8, 73
2021/7/9, 77
2021/7/10, 79
2021/7/11, 74
2021/7/12, 97
2021/7/13, 95
2021/7/14, 109
2021/7/15, 79
2021/7/16, 82
2021/7/17, 92
2021/7/18, 50
2021/7/19, 79
2021/7/20, 78
2021/7/21, 78
2021/7/22, 99
2021/7/23, 109
2021/7/24, 80
2021/7/25, 77
2021/7/26, 90
2021/7/27, 84
2021/7/28, 88
2021/7/29, 83
2021/7/30, 82
2021/7/31, 70
2021/8/1, 69
2021/8/2, 75
2021/8/3, 78
2021/8/4, 86
2021/8/5, 87
2021/8/6, 83
2021/8/7, 81
2021/8/8, 71
2021/8/9, 73
2021/8/10, 73
2021/8/11, 69
2021/8/12, 74
2021/8/13, 71
2021/8/14, 67
2021/8/15, 65
2021/8/16, 71
2021/8/17, 71
2021/8/18, 61
2021/8/19, 60
2021/8/20, 67
2021/8/21, 67
2021/8/22, 62
2021/8/23, 59
2021/8/24, 58
2021/8/25, 54
2021/8/26, 62
2021/8/27, 76
2021/8/28, 69
2021/8/29, 66
2021/8/30, 76
2021/8/31, 74
2021/9/1, 97
2021/9/2, 124
2021/9/3, 84
2021/9/4, 71
2021/9/5, 66
2021/9/6, 74
2021/9/7, 80
2021/9/8, 80
2021/9/9, 76
2021/9/10, 74
2021/9/11, 78
2021/9/12, 73
2021/9/13, 81
2021/9/14, 104
2021/9/15, 111
2021/9/16, 105
2021/9/17, 106
2021/9/18, 73
2021/9/19, 56
2021/9/20, 57
2021/9/21, 66
2021/9/22, 72
2021/9/23, 80
2021/9/24, 97
2021/9/25, 105
2021/9/26, 100
2021/9/27, 89
2021/9/28, 104
2021/9/29, 111
2021/9/30, 79
2021/4/1, 139
2021/4/2, 156
2021/4/3, 148
2021/4/4, 121
2021/4/5, 108
2021/4/8, 109
2021/4/9, 84
2021/4/10, 90
2021/4/11, 109
2021/4/12, 96
2021/4/13, 81
2021/4/14, 74
2021/4/15, 75
2021/4/16, 82
2021/4/17, 86
2021/4/18, 86
2021/4/19, 83
2021/4/20, 110
2021/4/21, 116
2021/4/22, 107
2021/4/23, 102
2021/4/24, 201
2021/4/25, 163
2021/4/26, 101
2021/4/27, 103
2021/4/28, 80
2021/4/29, 83
2021/4/30, 85
2021/5/1, 108
2021/5/2, 72
2021/5/3, 80
2021/5/4, 78
2021/5/5, 90
2021/5/6, 78
2021/5/7, 97
2021/5/8, 97
2021/5/9, 89
2021/5/10, 78
2021/5/11, 79
2021/5/12, 76
2021/5/13, 79
2021/5/14, 79
2021/5/15, 75
2021/5/16, 133
2021/5/17, 133
2021/5/18, 114
2021/5/19, 87
2021/5/20, 89
2021/5/21, 87
2021/5/22, 89
2021/5/23, 88
2021/5/24, 81
2021/5/25, 73
2021/5/26, 83
2021/5/27, 82
2021/5/28, 84
2021/5/29, 85
2021/5/30, 77
2021/5/31, 80
2021/6/1, 91
2021/6/2, 82
2021/6/3, 81
2021/6/4, 81
2021/6/5, 79
2021/6/6, 76
2021/6/7, 50
2021/6/8, 71
2021/6/9, 71
2021/6/10, 72
2021/6/11, 88
2021/6/12, 77
2021/6/13, 88
2021/6/14, 97
2021/6/15, 101
2021/6/16, 114
2021/6/17, 131
2021/6/18, 147
2021/6/19, 140
2021/6/20, 165
2021/6/21, 141
2021/6/22, 122
2021/6/23, 97
2021/6/24, 86
2021/6/25, 80
2021/6/26, 79
2021/6/27, 68
2021/6/28, 66
2021/6/29, 66
2021/6/30, 75
2021/1/4, 176
2021/1/5, 189
2021/1/6, 179
2021/1/7, 192
2021/1/8, 116
2021/1/9, 135
2021/1/10, 149
2021/1/11, 146
2021/1/12, 217
2021/1/13, 277
2021/1/14, 204
2021/1/15, 202
2021/1/16, 208
2021/1/17, 230
2021/1/18, 175
2021/1/19, 170
2021/1/20, 210
2021/1/21, 151
2021/1/22, 92
2021/1/23, 205
2021/1/24, 184
2021/1/25, 184
2021/1/26, 171
2021/1/27, 180
2021/1/28, 204
2021/1/29, 188
2021/1/30, 141
2021/1/31, 81
2021/2/1, 115
2021/2/2, 124
2021/2/3, 117
2021/2/4, 148
2021/2/5, 153
2021/2/6, 170
2021/2/7, 176
2021/2/8, 165
2021/2/9, 112
2021/2/10, 141
2021/2/11, 178
2021/2/12, 240
2021/2/13, 209
2021/2/14, 99
2021/2/15, 103
2021/2/16, 106
2021/2/17, 141
2021/2/18, 153
2021/2/19, 177
2021/2/20, 195
2021/2/21, 207
2021/2/22, 130
2021/2/23, 97
2021/2/24, 84
2021/2/25, 92
2021/2/26, 96
2021/2/27, 103
2021/2/28, 130
2021/3/1, 125
2021/3/2, 176
2021/3/3, 87
2021/3/4, 120
2021/3/5, 153
2021/3/6, 101
2021/3/7, 87
2021/3/8, 79
2021/3/9, 105
2021/3/10, 78
2021/3/11, 91
2021/3/12, 124
2021/3/13, 147
2021/3/14, 139
2021/3/15, 102
2021/3/16, 99
2021/3/17, 103
2021/3/18, 121
2021/3/19, 136
2021/3/20, 145
2021/3/21, 106
2021/3/22, 106
2021/3/23, 116
2021/3/24, 128
2021/3/25, 143
2021/3/26, 138
2021/3/27, 93
2021/3/28, 95
2021/3/29, 94
2021/3/30, 151
2021/3/31, 170
2020/10/1, 84
2020/10/2, 75
2020/10/3, 87
2020/10/4, 83
2020/10/5, 83
2020/10/6, 84
2020/10/7, 10
2020/10/8, 10
2020/10/9, 9
2020/10/10, 9
2020/10/11, 9
2020/10/12, 12
2020/10/13, 110
2020/10/14, 162
2020/10/15, 194
2020/10/16, 176
2020/10/17, 170
2020/10/18, 144
2020/10/19, 156
2020/10/20, 104
2020/10/21, 120
2020/10/22, 151
2020/10/23, 98
2020/10/24, 137
2020/10/25, 170
2020/10/26, 182
2020/10/27, 200
2020/10/28, 123
2020/10/29, 107
2020/10/30, 147
2020/10/31, 156
2020/11/1, 182
2020/11/2, 162
2020/11/3, 147
2020/11/4, 86
2020/11/5, 91
2020/11/6, 160
2020/11/7, 203
2020/11/8, 180
2020/11/9, 168
2020/11/10, 143
2020/11/11, 174
2020/11/12, 194
2020/11/13, 230
2020/11/14, 208
2020/11/15, 154
2020/11/16, 161
2020/11/17, 174
2020/11/18, 173
2020/11/19, 168
2020/11/20, 157
2020/11/21, 176
2020/11/22, 162
2020/11/23, 129
2020/11/24, 174
2020/11/25, 157
2020/11/26, 142
2020/11/27, 139
2020/11/28, 131
2020/11/29, 152
2020/11/30, 193
2020/12/1, 204
2020/12/2, 197
2020/12/3, 147
2020/12/4, 86
2020/12/5, 89
2020/12/6, 180
2020/12/7, 208
2020/12/8, 214
2020/12/9, 206
2020/12/10, 170
2020/12/11, 158
2020/12/12, 129
2020/12/13, 118
2020/12/14, 161
2020/12/15, 149
2020/12/16, 138
2020/12/17, 140
2020/12/18, 172
2020/12/19, 177
2020/12/20, 171
2020/12/21, 221
2020/12/22, 220
2020/12/23, 189
2020/12/24, 171
2020/12/25, 132
2020/12/26, 162
2020/12/27, 148
2020/12/28, 124
2020/12/29, 140
2020/12/30, 141
2020/12/31, 149
2021/1/1, 159
2021/1/2, 199
2021/1/3, 156
2020/7/1, 88
2020/7/20, 50
2020/7/21, 57
2020/7/22, 68
2020/7/23, 77
2020/7/24, 78
2020/7/25, 64
2020/7/26, 57
2020/7/27, 54
2020/7/28, 61
2020/7/29, 62
2020/8/5, 72
2020/8/6, 99
2020/8/7, 68
2020/8/8, 59
2020/8/9, 79
2020/8/10, 74
2020/8/11, 90
2020/8/12, 70
2020/8/13, 68
2020/8/14, 78
2020/8/15, 90
2020/8/16, 86
2020/8/17, 90
2020/8/18, 90
2020/8/19, 73
2020/8/20, 74
2020/8/21, 82
2020/8/22, 92
2020/8/23, 84
2020/8/24, 57
2020/8/25, 54
2020/8/26, 60
2020/9/2, 83
2020/9/3, 86
2020/9/4, 84
2020/9/5, 87
2020/9/6, 76
2020/9/7, 73
2020/9/8, 76
2020/9/9, 89
2020/9/10, 75
2020/9/11, 74
2020/9/12, 74
2020/9/13, 100
2020/9/14, 114
2020/9/15, 101
2020/9/16, 74
2020/9/17, 72
2020/9/18, 70
2020/9/19, 77
2020/9/20, 75
2020/9/21, 89
2020/9/22, 85
2020/9/23, 81
2020/9/24, 97
2020/9/25, 85
2020/9/26, 84
2020/9/27, 72
2020/9/28, 68
2020/9/29, 68
2020/9/30, 69
2020/4/1, 70
2020/4/2, 102
2020/4/3, 96
2020/4/4, 90
2020/4/5, 79
2020/4/6, 97
2020/4/7, 117
2020/4/8, 107
2020/4/9, 87
2020/4/10, 83
2020/4/11, 124
2020/4/12, 83
2020/4/13, 76
2020/4/14, 79
2020/4/15, 88
2020/4/16, 85
2020/4/17, 82
2020/4/18, 72
2020/4/19, 64
2020/4/20, 68
2020/4/21, 71
2020/4/22, 68
2020/4/23, 73
2020/4/24, 76
2020/4/25, 83
2020/4/26, 72
2020/4/27, 72
2020/4/28, 79
2020/4/29, 92
2020/4/30, 66
2020/5/1, 62
2020/5/2, 50
2020/5/3, 53
2020/5/4, 50
2020/5/5, 70
2020/5/6, 75
2020/5/7, 83
2020/5/8, 63
2020/5/9, 69
2020/5/10, 60
2020/5/11, 82
2020/5/12, 81
2020/5/13, 77
2020/5/14, 74
2020/5/15, 123
2020/5/16, 140
2020/5/17, 95
2020/5/18, 89
2020/5/19, 85
2020/5/20, 106
2020/5/21, 76
2020/5/22, 73
2020/5/23, 65
2020/5/24, 55
2020/5/25, 61
2020/5/26, 70
2020/5/27, 75
2020/5/28, 71
2020/5/29, 65
2020/5/30, 58
2020/5/31, 59
2020/6/1, 59
2020/6/2, 70
2020/6/3, 91
2020/6/4, 98
2020/6/5, 84
2020/6/6, 83
2020/6/7, 73
2020/6/8, 71
2020/6/9, 75
2020/6/10, 70
2020/6/11, 71
2020/6/12, 74
2020/6/13, 86
2020/6/14, 84
2020/6/15, 92
2020/6/16, 81
2020/6/17, 82
2020/6/18, 84
2020/6/19, 57
2020/6/20, 49
2020/6/21, 66
2020/6/22, 66
2020/6/23, 64
2020/6/24, 50
2020/6/25, 62
2020/6/26, 83
2020/6/27, 60
2020/6/28, 61
2020/6/29, 65
2020/6/30, 80
2020/1/1, 174
2020/1/2, 156
2020/1/3, 169
2020/1/4, 213
2020/1/5, 165
2020/1/6, 191
2020/1/7, 152
2020/1/8, 151
2020/1/9, 140
2020/1/10, 114
2020/1/11, 134
2020/1/12, 119
2020/1/13, 105
2020/1/14, 130
2020/1/15, 106
2020/1/16, 122
2020/1/17, 163
2020/1/18, 184
2020/1/19, 126
2020/1/20, 168
2020/1/21, 170
2020/1/22, 172
2020/1/23, 154
2020/1/24, 149
2020/1/25, 152
2020/1/26, 141
2020/1/27, 106
2020/1/28, 107
2020/1/29, 123
2020/1/30, 141
2020/1/31, 164
2020/2/1, 160
2020/2/2, 132
2020/2/3, 165
2020/2/4, 116
2020/2/5, 135
2020/2/6, 154
2020/2/7, 161
2020/2/8, 139
2020/2/9, 151
2020/2/10, 168
2020/2/11, 174
2020/2/12, 154
2020/2/13, 175
2020/2/14, 166
2020/2/15, 157
2020/2/16, 175
2020/2/17, 201
2020/2/18, 179
2020/2/19, 101
2020/2/20, 159
2020/2/21, 129
2020/2/22, 140
2020/2/23, 153
2020/2/24, 152
2020/2/25, 109
2020/2/26, 109
2020/2/27, 117
2020/2/28, 105
2020/2/29, 158
2020/3/1, 144
2020/3/2, 156
2020/3/3, 111
2020/3/4, 94
2020/3/5, 96
2020/3/6, 150
2020/3/7, 139
2020/3/8, 108
2020/3/9, 111
2020/3/10, 103
2020/3/11, 83
2020/3/12, 154
2020/3/13, 152
2020/3/14, 169
2020/3/15, 145
2020/3/16, 135
2020/3/17, 147
2020/3/18, 157
2020/3/19, 108
2020/3/20, 81
2020/3/21, 70
2020/3/22, 66
2020/3/23, 72
2020/3/24, 52
2020/3/25, 88
2020/3/26, 72
2020/3/27, 69
2020/3/28, 66
2020/3/29, 80
2020/3/30, 92
2020/3/31, 61
2019/10/1, 63
2019/10/2, 66
2019/10/3, 70
2019/10/4, 79
2019/10/5, 91
2019/10/6, 79
2019/10/7, 84
2019/10/8, 114
2019/10/9, 103
2019/10/10, 87
2019/10/11, 104
2019/10/12, 99
2019/10/13, 106
2019/10/14, 91
2019/10/15, 101
2019/10/16, 121
2019/10/17, 102
2019/10/18, 118
2019/10/19, 156
2019/10/20, 148
2019/10/21, 169
2019/10/22, 155
2019/10/23, 118
2019/10/24, 145
2019/10/25, 161
2019/10/26, 161
2019/10/27, 155
2019/10/28, 144
2019/10/29, 146
2019/10/30, 122
2019/10/31, 101
2019/11/1, 129
2019/11/2, 105
2019/11/3, 89
2019/11/4, 117
2019/11/5, 131
2019/11/6, 106
2019/11/10, 136
2019/11/11, 147
2019/11/12, 164
2019/11/13, 168
2019/11/14, 152
2019/11/18, 129
2019/11/19, 134
2019/11/20, 113
2019/11/21, 145
2019/11/22, 166
2019/11/23, 171
2019/11/24, 160
2019/11/25, 143
2019/11/26, 141
2019/11/27, 149
2019/11/28, 156
2019/11/29, 150
2019/11/30, 158
2019/12/1, 148
2019/12/2, 155
2019/12/3, 140
2019/12/4, 132
2019/12/5, 138
2019/12/6, 137
2019/12/7, 143
2019/12/8, 148
2019/12/9, 167
2019/12/10, 210
2019/12/11, 102
2019/12/12, 160
2019/12/13, 169
2019/12/14, 157
2019/12/15, 161
2019/12/16, 164
2019/12/17, 134
2019/12/18, 141
2019/12/19, 175
2019/12/20, 165
2019/12/21, 154
2019/12/22, 135
2019/12/23, 146
2019/12/24, 152
2019/12/25, 149
2019/12/26, 165
2019/12/27, 210
2019/12/28, 198
2019/12/29, 177
2019/7/1, 88
2019/7/2, 94
2019/7/3, 90
2019/7/4, 94
2019/7/5, 98
2019/7/6, 101
2019/7/7, 103
2019/7/8, 111
2019/7/9, 113
2019/7/10, 95
2019/7/11, 97
2019/7/12, 98
2019/7/13, 89
2019/7/14, 81
2019/7/15, 90
2019/7/16, 87
2019/7/17, 91
2019/7/18, 90
2019/7/19, 87
2019/7/20, 88
2019/7/21, 82
2019/7/22, 83
2019/7/23, 80
2019/7/24, 75
2019/7/25, 81
2019/7/26, 101
2019/7/27, 90
2019/7/28, 82
2019/7/29, 73
2019/7/30, 72
2019/7/31, 75
2019/8/1, 84
2019/8/2, 91
2019/8/3, 88
2019/8/4, 87
2019/8/5, 89
2019/8/6, 96
2019/8/7, 103
2019/8/8, 114
2019/8/9, 120
2019/8/10, 101
2019/8/11, 62
2019/8/12, 55
2019/8/13, 82
2019/8/14, 50
2019/8/15, 56
2019/8/16, 63
2019/8/17, 55
2019/8/18, 58
2019/8/19, 64
2019/8/20, 65
2019/8/21, 73
2019/8/22, 69
2019/8/23, 79
2019/8/24, 78
2019/8/25, 86
2019/8/26, 90
2019/8/27, 85
2019/8/28, 91
2019/8/29, 89
2019/8/30, 118
2019/8/31, 107
2019/9/1, 78
2019/9/2, 82
2019/9/3, 81
2019/9/4, 77
2019/9/5, 79
2019/9/6, 85
2019/9/7, 86
2019/9/8, 88
2019/9/9, 81
2019/9/10, 76
2019/9/11, 87
2019/9/12, 81
2019/9/13, 77
2019/9/14, 71
2019/9/15, 69
2019/9/16, 68
2019/9/17, 78
2019/9/18, 96
2019/9/19, 99
2019/9/20, 100
2019/9/21, 131
2019/9/22, 136
2019/9/23, 118
2019/9/24, 79
2019/9/25, 91
2019/9/26, 139
2019/9/27, 119
2019/9/28, 134
2019/9/29, 73
2019/9/30, 95
2019/5/23, 112
2019/5/24, 124
2019/5/25, 127
2019/5/26, 119
2019/5/27, 93
2019/5/28, 83
2019/5/29, 77
2019/5/30, 84
2019/5/31, 100
2019/6/1, 78
2019/6/2, 72
2019/6/3, 65
2019/6/4, 66
2019/6/5, 62
2019/6/6, 62
2019/6/7, 63
2019/6/8, 61
2019/6/9, 62
2019/6/10, 67
2019/6/11, 76
2019/6/12, 112
2019/6/13, 127
2019/6/14, 113
2019/6/15, 101
2019/6/16, 85
2019/6/17, 73
2019/6/18, 83
2019/6/19, 99
2019/6/20, 90
2019/6/21, 102
2019/6/22, 133
2019/6/23, 116
2019/6/24, 118
2019/6/25, 95
2019/6/26, 82
2019/6/27, 79
2019/6/28, 88
2019/6/29, 91
2019/6/30, 93