date, pm25, pm10
2023/7/1, 6, 4
2023/7/2, 17, 
2023/6/26, 12, 5
2023/6/27, 11, 4
2023/6/28, 13, 4
2023/6/29, 12, 4
2023/6/30, 12, 1
2022/4/1, 113, 43
2022/4/2, 103, 43
2022/4/3, 102, 53
2022/4/4, 108, 50
2022/4/5, 97, 47
2022/4/6, 104, 45
2022/4/7, 103, 37
2022/4/8, 87, 37
2022/4/9, 86, 37
2022/4/10, 79, 42
2022/4/11, 75, 40
2022/4/12, 74, 44
2022/4/13, 79, 47
2022/4/14, 67, 53
2022/4/15, 69, 57
2022/4/16, 95, 67
2022/4/17, 111, 72
2022/4/18, 125, 61
2022/4/19, 111, 52
2022/4/20, 78, 37
2022/4/21, 54, 59
2022/4/22, 87, 65
2022/4/23, 83, 63
2022/4/24, 95, 73
2022/4/25, 134, 64
2022/4/26, 103, 64
2022/4/27, 122, 60
2022/4/28, 116, 52
2022/4/29, 91, 49
2022/4/30, 73, 28
2022/5/1, 53, 25
2022/5/2, 54, 20
2022/5/3, 47, 24
2022/5/4, 51, 23
2022/5/5, 55, 19
2022/5/6, 49, 18
2022/5/7, 47, 16
2022/5/8, 37, 17
2022/5/9, 40, 18
2022/5/10, 43, 15
2022/5/11, 42, 14
2022/5/12, 37, 13
2022/5/13, 40, 21
2022/5/14, 55, 21
2022/5/15, 51, 26
2022/5/16, 61, 24
2022/5/17, 51, 48
2022/5/18, 62, 54
2022/5/19, 74, 40
2022/5/20, 63, 32
2022/5/21, 57, 15
2022/5/22, 42, 
2022/5/25, 34, 20
2022/5/26, 42, 31
2022/5/27, 70, 30
2022/5/28, 67, 22
2022/5/29, 61, 27
2022/5/30, 64, 31
2022/5/31, 65, 
2022/1/3, 165, 65
2022/1/4, 160, 57
2022/1/5, 153, 52
2022/1/6, 137, 57
2022/1/7, 143, 41
2022/1/8, 117, 34
2022/1/9, 98, 39
2022/1/10, 112, 40
2022/1/11, 107, 46
2022/1/12, 126, 54
2022/1/13, 143, 42
2022/1/14, 122, 34
2022/1/15, 101, 
2022/1/20, 170, 51
2022/1/21, 131, 53
2022/1/22, 144, 36
2022/1/23, 101, 29
2022/1/24, 92, 40
2022/1/25, 113, 53
2022/1/26, 145, 50
2022/1/27, 143, 64
2022/1/28, 161, 54
2022/1/29, 139, 67
2022/1/30, 166, 60
2022/1/31, 152, 58
2022/2/1, 148, 67
2022/2/2, 164, 56
2022/2/3, 145, 18
2022/2/4, 66, 24
2022/2/5, 77, 44
2022/2/6, 121, 44
2022/2/7, 121, 67
2022/2/8, 159, 42
2022/2/9, 123, 27
2022/2/10, 82, 54
2022/2/11, 144, 68
2022/2/12, 163, 52
2022/2/13, 139, 
2022/3/31, 110, 48
2021/12/20, 160, 66
2021/12/21, 129, 54
2021/12/22, 119, 45
2021/12/23, 102, 37
2021/12/24, 93, 46
2021/12/25, 112, 44
2021/12/26, 109, 57
2021/12/27, 138, 62
2021/12/28, 156, 32
2021/12/29, 95, 29
2021/12/30, 86, 45
2021/12/31, 121, 65
2022/1/1, 161, 71
2022/1/2, 170, 66
2021/8/9, 20, 7
2021/8/10, 18, 
2021/8/12, 46, 
2021/4/1, 99, 85
2021/4/2, 172, 62
2021/4/3, 136, 81
2021/4/4, 169, 84
2021/4/5, 168, 86
2021/4/6, 161, 67
2021/4/7, 136, 49
2021/4/8, 95, 
2021/4/13, 151, 
2021/4/15, 160, 77
2021/4/16, 113, 
2021/1/6, 57, 
2021/1/8, 122, 
2021/1/20, 187, 
2021/3/4, 67, 15
2021/3/5, 56, 
2021/3/9, 55, 
2021/3/11, 52, 63
2021/3/12, 107, 62
2021/3/13, 136, 65
2021/3/14, 136, 64
2021/3/15, 142, 79
2021/3/16, 161, 83
2021/3/17, 159, 75
2021/3/18, 153, 
2021/3/20, 112, 58
2021/3/21, 126, 56
2021/3/22, 128, 52
2021/3/23, 115, 42
2021/3/24, 86, 46
2021/3/25, 105, 52
2021/3/26, 121, 58
2021/3/27, 133, 64
2021/3/28, 141, 68
2021/3/29, 160, 
2021/3/31, 106, 52
2020/10/3, 50, 14
2020/10/4, 57, 14
2020/10/5, 56, 13
2020/10/6, 54, 15
2020/10/7, 58, 15
2020/10/8, 60, 15
2020/10/9, 60, 15
2020/10/10, 58, 12
2020/10/11, 51, 9
2020/10/12, 41, 11
2020/10/13, 47, 11
2020/10/14, 47, 13
2020/10/15, 53, 16
2020/10/16, 61, 15
2020/10/17, 60, 22
2020/10/18, 76, 20
2020/10/19, 72, 20
2020/10/20, 70, 20
2020/10/21, 71, 21
2020/10/22, 72, 21
2020/10/23, 75, 34
2020/10/24, 104, 
2020/10/26, 72, 25
2020/10/27, 83, 15
2020/10/28, 58, 11
2020/10/29, 46, 13
2020/10/30, 52, 18
2020/10/31, 66, 30
2020/11/1, 95, 44
2020/11/2, 129, 53
2020/11/3, 147, 61
2020/11/4, 160, 61
2020/11/5, 159, 50
2020/11/6, 138, 44
2020/11/7, 129, 42
2020/11/8, 126, 25
2020/11/9, 85, 15
2020/11/10, 58, 16
2020/11/11, 60, 35
2020/11/12, 107, 31
2020/11/13, 98, 51
2020/11/14, 149, 
2020/12/3, 219, 60
2020/12/4, 133, 68
2020/12/5, 150, 74
2020/12/6, 163, 82
2020/12/7, 178, 111
2020/12/8, 220, 96
2020/12/9, 200, 95
2020/12/10, 196, 97
2020/12/11, 198, 92
2020/12/12, 192, 67
2020/12/13, 151, 74
2020/12/14, 168, 77
2020/12/15, 160, 65
2020/12/16, 145, 93
2020/12/17, 191, 91
2020/12/18, 191, 88
2020/12/19, 189, 80
2020/12/20, 180, 
2020/12/24, 96, 59
2020/12/25, 138, 
2020/12/30, 166, 
2021/1/1, 207, 77
2021/1/2, 179, 
2020/7/1, 24, 7
2020/7/2, 31, 7
2020/7/3, 30, 
2020/7/7, 18, 4
2020/7/8, 16, 4
2020/7/9, 19, 3
2020/7/10, 15, 3
2020/7/11, 13, 5
2020/7/12, 21, 6
2020/7/13, 25, 5
2020/7/14, 20, 4
2020/7/15, 18, 4
2020/7/16, 19, 4
2020/7/17, 20, 4
2020/7/18, 20, 5
2020/7/19, 23, 4
2020/7/20, 19, 3
2020/7/21, 15, 3
2020/7/22, 15, 3
2020/7/23, 15, 3
2020/7/24, 15, 4
2020/7/25, 16, 5
2020/7/26, 22, 9
2020/7/27, 39, 5
2020/7/28, 20, 3
2020/7/29, 16, 4
2020/7/30, 17, 4
2020/7/31, 18, 3
2020/8/1, 12, 3
2020/8/2, 15, 5
2020/8/3, 21, 5
2020/8/4, 21, 2
2020/8/5, 11, 2
2020/8/6, 7, 3
2020/8/7, 13, 2
2020/8/8, 11, 7
2020/8/9, 29, 3
2020/8/10, 14, 3
2020/8/11, 13, 
2020/8/14, 13, 3
2020/8/15, 14, 2
2020/8/16, 8, 2
2020/8/17, 7, 2
2020/8/18, 8, 2
2020/8/19, 8, 2
2020/8/20, 7, 1
2020/8/21, 5, 2
2020/8/22, 9, 3
2020/8/23, 15, 5
2020/8/24, 13, 2
2020/8/25, 10, 4
2020/8/26, 16, 2
2020/8/27, 9, 3
2020/8/28, 14, 5
2020/8/29, 20, 4
2020/8/30, 19, 3
2020/8/31, 15, 4
2020/9/1, 20, 4
2020/9/2, 20, 4
2020/9/3, 18, 6
2020/9/4, 25, 7
2020/9/5, 30, 8
2020/9/6, 34, 8
2020/9/7, 35, 8
2020/9/8, 35, 6
2020/9/9, 27, 4
2020/9/10, 21, 7
2020/9/11, 34, 6
2020/9/12, 29, 
2020/9/17, 42, 9
2020/9/18, 39, 7
2020/9/19, 31, 6
2020/9/20, 27, 5
2020/9/21, 20, 
2020/9/23, 4, 1
2020/9/24, 4, 4
2020/9/25, 17, 8
2020/9/26, 35, 14
2020/9/27, 57, 15
2020/9/28, 59, 16
2020/9/29, 60, 
2020/4/1, 59, 13
2020/4/2, 48, 14
2020/4/3, 52, 22
2020/4/4, 72, 13
2020/4/5, 47, 10
2020/4/6, 39, 15
2020/4/7, 53, 15
2020/4/8, 53, 8
2020/4/9, 34, 10
2020/4/10, 38, 9
2020/4/11, 37, 12
2020/4/12, 49, 11
2020/4/13, 46, 12
2020/4/14, 49, 10
2020/4/15, 40, 10
2020/4/16, 41, 13
2020/4/17, 47, 14
2020/4/18, 43, 11
2020/4/19, 42, 10
2020/4/20, 38, 6
2020/4/21, 13, 6
2020/4/22, 26, 7
2020/4/23, 27, 6
2020/4/24, 29, 
2020/4/27, 22, 5
2020/4/28, 23, 6
2020/4/29, 26, 7
2020/4/30, 29, 6
2020/5/1, 26, 5
2020/5/2, 22, 12
2020/5/3, 52, 12
2020/5/4, 43, 
2020/5/6, 25, 5
2020/5/7, 22, 7
2020/5/8, 31, 10
2020/5/9, 41, 10
2020/5/10, 40, 5
2020/5/11, 23, 11
2020/5/12, 44, 14
2020/5/13, 54, 13
2020/5/14, 54, 18
2020/5/15, 65, 14
2020/5/16, 50, 13
2020/5/17, 51, 14
2020/5/18, 54, 16
2020/5/19, 58, 13
2020/5/20, 54, 11
2020/5/21, 45, 16
2020/5/22, 50, 8
2020/5/23, 35, 12
2020/5/24, 48, 12
2020/5/25, 43, 13
2020/5/26, 46, 7
2020/5/27, 31, 4
2020/5/28, 18, 5
2020/5/29, 25, 6
2020/5/30, 24, 7
2020/5/31, 28, 11
2020/6/1, 46, 
2020/6/3, 28, 6
2020/6/4, 28, 4
2020/6/5, 18, 3
2020/6/6, 11, 5
2020/6/7, 21, 6
2020/6/8, 23, 8
2020/6/9, 32, 5
2020/6/10, 22, 8
2020/6/11, 34, 7
2020/6/12, 33, 4
2020/6/13, 18, 3
2020/6/14, 11, 2
2020/6/15, 6, 1
2020/6/16, 6, 3
2020/6/17, 13, 3
2020/6/18, 14, 3
2020/6/19, 13, 
2020/6/23, 14, 4
2020/6/24, 17, 2
2020/6/25, 11, 3
2020/6/26, 14, 5
2020/6/27, 24, 6
2020/6/28, 25, 3
2020/6/29, 13, 5
2020/6/30, 20, 5
2020/2/3, 144, 45
2020/2/4, 128, 41
2020/2/5, 120, 49
2020/2/6, 139, 31
2020/2/7, 96, 48
2020/2/8, 133, 27
2020/2/9, 88, 50
2020/2/10, 139, 54
2020/2/11, 143, 55
2020/2/12, 150, 57
2020/2/13, 152, 56
2020/2/14, 154, 45
2020/2/15, 134, 41
2020/2/16, 122, 38
2020/2/17, 115, 45
2020/2/18, 131, 37
2020/2/19, 110, 37
2020/2/20, 110, 30
2020/2/21, 95, 16
2020/2/22, 60, 14
2020/2/23, 52, 14
2020/2/24, 57, 11
2020/2/25, 46, 11
2020/2/26, 44, 18
2020/2/27, 64, 18
2020/2/28, 62, 26
2020/2/29, 85, 19
2020/3/1, 65, 21
2020/3/2, 68, 46
2020/3/3, 130, 24
2020/3/4, 75, 18
2020/3/5, 64, 18
2020/3/6, 64, 5
2020/3/7, 22, 6
2020/3/8, 26, 24
2020/3/9, 80, 25
2020/3/10, 82, 21
2020/3/11, 72, 13
2020/3/12, 51, 8
2020/3/13, 34, 13
2020/3/14, 55, 7
2020/3/15, 30, 15
2020/3/16, 55, 26
2020/3/17, 85, 29
2020/3/18, 91, 23
2020/3/19, 74, 21
2020/3/20, 72, 30
2020/3/21, 92, 17
2020/3/22, 63, 13
2020/3/23, 53, 19
2020/3/24, 68, 18
2020/3/25, 63, 17
2020/3/26, 60, 20
2020/3/27, 69, 14
2020/3/28, 49, 24
2020/3/29, 79, 17
2020/3/30, 62, 18
2020/3/31, 62, 17
2019/10/1, 45, 
2019/10/3, 76, 26
2019/10/4, 70, 
2019/10/15, 169, 70
2019/10/16, 133, 66
2019/10/17, 129, 54
2019/10/18, 136, 
2019/10/24, 164, 79
2019/10/25, 161, 84
2019/10/26, 170, 118
2019/10/27, 213, 119
2019/10/28, 229, 
2019/10/31, 208, 106
2019/11/1, 199, 89
2019/11/2, 188, 
2019/11/4, 255, 128
2019/11/5, 240, 111
2019/11/6, 219, 92
2019/11/7, 192, 70
2019/11/8, 155, 76
2019/11/9, 169, 63
2019/11/10, 143, 78
2019/11/11, 170, 94
2019/11/12, 197, 70
2019/11/13, 165, 59
2019/11/14, 156, 64
2019/11/15, 148, 68
2019/11/16, 157, 65
2019/11/17, 149, 83
2019/11/18, 182, 84
2019/11/19, 182, 78
2019/11/20, 174, 68
2019/11/21, 165, 72
2019/11/22, 168, 87
2019/11/23, 189, 106
2019/11/24, 215, 105
2019/11/25, 212, 90
2019/11/26, 191, 81
2019/11/27, 180, 65
2019/11/28, 150, 45
2019/11/29, 115, 66
2019/11/30, 166, 71
2019/12/1, 172, 76
2019/12/2, 172, 85
2019/12/3, 185, 77
2019/12/4, 176, 67
2019/12/5, 158, 52
2019/12/6, 128, 57
2019/12/7, 130, 61
2019/12/8, 125, 32
2019/12/9, 69, 32
2019/12/10, 69, 32
2019/12/11, 69, 32
2019/12/12, 69, 32
2019/12/13, 69, 32
2019/12/14, 69, 32
2019/12/15, 69, 
2019/12/21, 252, 128
2019/12/22, 249, 85
2019/12/23, 184, 62
2019/12/24, 161, 70
2019/12/25, 169, 62
2019/12/26, 159, 72
2019/12/27, 175, 72
2019/12/28, 171, 63
2019/12/29, 163, 
2019/7/1, 97, 67
2019/7/2, 88, 
2019/7/5, 62, 10
2019/7/6, 28, 24
2019/7/7, 35, 16
2019/7/8, 43, 8
2019/7/9, 28, 22
2019/7/10, 52, 11
2019/7/11, 32, 41
2019/7/12, 90, 26
2019/7/13, 65, 59
2019/7/14, 108, 50
2019/7/15, 108, 39
2019/7/16, 79, 41
2019/7/17, 80, 51
2019/7/18, 90, 51
2019/7/19, 92, 35
2019/7/20, 66, 21
2019/7/21, 54, 39
2019/7/22, 76, 36
2019/7/23, 81, 14
2019/7/24, 46, 12
2019/7/25, 33, 20
2019/7/26, 48, 22
2019/7/27, 43, 35
2019/7/28, 37, 32
2019/7/29, 46, 31
2019/7/30, 49, 24
2019/7/31, 50, 31
2019/8/1, 62, 29
2019/8/2, 59, 25
2019/8/3, 50, 34
2019/8/4, 58, 17
2019/8/5, 44, 24
2019/8/6, 47, 9
2019/8/7, 27, 
2019/8/9, 49, 18
2019/8/10, 44, 15
2019/8/11, 48, 
2019/8/13, 42, 23
2019/8/14, 47, 35
2019/8/15, 61, 26
2019/8/16, 62, 18
2019/8/17, 48, 22
2019/8/18, 54, 28
2019/8/19, 54, 26
2019/8/20, 50, 21
2019/8/21, 63, 
2019/8/26, 33, 38
2019/8/27, 67, 37
2019/8/28, 65, 23
2019/8/29, 60, 29
2019/8/30, 62, 20
2019/8/31, 51, 26
2019/9/1, 59, 28
2019/9/2, 67, 27
2019/9/3, 58, 23
2019/9/4, 44, 21
2019/9/5, 40, 19
2019/9/6, 42, 20
2019/9/7, 41, 37
2019/9/8, 70, 25
2019/9/9, 53, 25
2019/9/10, 45, 21
2019/9/11, 44, 
2019/9/13, 82, 14
2019/9/14, 48, 83
2019/9/15, 85, 37
2019/9/16, 76, 29
2019/9/17, 62, 7
2019/9/18, 24, 18
2019/9/19, 39, 24
2019/9/20, 53, 26
2019/9/21, 55, 20
2019/9/22, 57, 
2019/9/25, 72, 38
2019/9/26, 53, 19
2019/9/27, 51, 9
2019/9/28, 27, 
2019/4/10, 60, 
2019/4/16, 141, 
2019/4/17, 128, 
2019/4/18, 100, 
2019/4/19, 117, 
2019/4/20, 128, 
2019/4/21, 162, 
2019/4/22, 149, 
2019/4/23, 142, 
2019/4/24, 145, 
2019/4/25, 155, 
2019/4/26, 159, 
2019/4/27, 146, 
2019/4/28, 169, 
2019/4/29, 161, 
2019/4/30, 164, 
2019/5/1, 156, 
2019/5/2, 132, 
2019/5/3, 102, 
2019/5/4, 117, 
2019/5/5, 138, 
2019/5/6, 141, 
2019/5/7, 144, 
2019/5/8, 163, 
2019/5/9, 151, 
2019/5/10, 182, 
2019/5/11, 163, 
2019/5/12, 168, 
2019/6/8, 134, 164
2019/6/9, 141, 123
2019/6/10, 109, 108
2019/6/11, 108, 87
2019/6/12, 107, 84
2019/6/13, 123, 121
2019/6/14, 154, 128
2019/6/15, 128, 165
2019/6/16, 155, 105
2019/6/17, 140, 106
2019/6/18, 128, 115
2019/6/19, 146, 63
2019/6/20, 107, 91
2019/6/21, 108, 57
2019/6/22, 71, 12
2019/6/23, 38, 40
2019/6/24, 58, 34
2019/6/25, 65, 39
2019/6/26, 78, 55
2019/6/27, 87, 77
2019/6/28, 120, 70
2019/6/29, 115, 67
2019/6/30, 91, 60
2019/2/7, 102, 
2019/2/8, 123, 
2019/2/9, 114, 
2019/2/10, 160, 
2019/2/11, 171, 
2019/2/12, 169, 
2019/2/13, 167, 
2019/2/14, 165, 
2019/2/15, 110, 
2019/2/16, 70, 
2019/2/17, 143, 
2019/2/18, 165, 
2019/2/19, 149, 
2019/2/20, 131, 
2019/2/21, 157, 
2019/2/22, 137, 
2019/2/23, 136, 
2019/2/24, 174, 
2019/2/25, 178, 
2019/2/26, 98, 
2019/2/27, 62, 
2019/2/28, 70, 
2019/3/1, 149, 
2019/3/2, 145, 
2019/3/3, 129, 
2019/3/4, 118, 
2019/3/5, 125, 
2019/3/6, 134, 
2019/3/7, 142, 
2019/3/8, 133, 
2019/3/9, 134, 
2019/3/10, 125, 
2019/3/11, 104, 
2019/3/12, 101, 
2019/3/13, 80, 
2019/3/14, 99, 
2019/3/15, 152, 
2019/3/29, 91, 
2018/10/4, 159, 74
2018/10/5, 132, 87
2018/10/6, 142, 88
2018/10/7, 147, 91
2018/10/8, 148, 90
2018/10/9, 151, 94
2018/10/10, 156, 74
2018/10/11, 135, 61
2018/10/12, 110, 59
2018/10/13, 107, 96
2018/10/14, 158, 112
2018/10/15, 174, 93
2018/10/16, 152, 89
2018/10/17, 149, 94
2018/10/18, 158, 92
2018/10/19, 137, 83
2018/10/20, 144, 91
2018/10/21, 144, 101
2018/10/22, 149, 122
2018/10/23, 152, 109
2018/10/24, 150, 91
2018/10/25, 144, 89
2018/10/26, 134, 77
2018/10/27, 114, 112
2018/10/28, 116, 84
2018/10/29, 128, 90
2018/10/30, 131, 89
2018/10/31, 130, 98
2018/11/1, 133, 99
2018/11/2, 146, 96
2018/11/3, 150, 87
2018/11/4, 155, 104
2018/11/5, 157, 121
2018/11/6, 186, 132
2018/11/7, 199, 101
2018/11/8, 176, 98
2018/11/9, 172, 82
2018/11/10, 155, 95
2018/11/11, 167, 96
2018/11/12, 168, 108
2018/11/13, 178, 117
2018/11/14, 197, 86
2018/11/15, 159, 98
2018/11/16, 179, 128
2018/11/17, 210, 116
2018/11/18, 193, 113
2018/11/19, 179, 119
2018/11/20, 198, 125
2018/11/21, 199, 113
2018/11/22, 177, 93
2018/11/23, 163, 120
2018/11/24, 192, 107
2018/11/25, 182, 78
2018/11/26, 141, 72
2018/11/27, 128, 68
2018/11/28, 122, 74
2018/11/29, 135, 88
2018/11/30, 164, 93
2018/12/1, 186, 99
2018/12/2, 190, 91
2018/12/3, 179, 88
2018/12/4, 172, 94
2018/12/5, 183, 91
2018/12/6, 181, 92
2018/12/7, 180, 79
2018/12/8, 166, 68
2018/12/9, 144, 81
2018/12/10, 157, 62
2018/12/11, 136, 42
2018/12/12, 115, 54
2018/12/13, 116, 56
2018/12/14, 131, 66
2018/12/15, 144, 54
2018/12/16, 142, 68
2018/12/17, 112, 48
2018/12/18, 113, 
2018/8/20, 53, 25
2018/8/21, 45, 23
2018/8/22, 45, 19
2018/8/23, 47, 21
2018/8/24, 44, 16
2018/8/25, 45, 22
2018/8/26, 51, 25
2018/8/27, 48, 32
2018/8/28, 51, 21
2018/8/29, 40, 13
2018/8/30, 41, 31
2018/8/31, 57, 25
2018/9/1, 49, 24
2018/9/2, 55, 30
2018/9/3, 55, 28
2018/9/4, 62, 29
2018/9/5, 57, 37
2018/9/6, 62, 27
2018/9/7, 40, 40
2018/9/8, 67, 39
2018/9/9, 71, 37
2018/9/10, 70, 45
2018/9/11, 89, 32
2018/9/12, 72, 40
2018/9/13, 85, 38
2018/9/14, 78, 51
2018/9/15, 96, 67
2018/9/16, 121, 67
2018/9/17, 121, 63
2018/9/18, 117, 70
2018/9/19, 131, 48
2018/9/20, 83, 27
2018/9/21, 48, 21
2018/9/22, 30, 
2023/6/25, , 5
2022/5/24, , 17
2022/1/19, , 71
2022/3/30, , 46
2021/12/19, , 69
2021/8/8, , 8
2021/8/11, , 11
2021/4/12, , 64
2021/4/14, , 68
2021/1/5, , 20
2021/1/7, , 44
2021/1/19, , 86
2021/3/3, , 19
2021/3/8, , 13
2021/3/10, , 12
2021/3/19, , 54
2021/3/30, , 54
2020/10/2, , 12
2020/10/25, , 21
2020/12/2, , 127
2020/12/23, , 41
2020/12/29, , 75
2020/12/31, , 100
2020/7/6, , 4
2020/8/13, , 3
2020/9/16, , 9
2020/9/22, , 1
2020/4/26, , 5
2020/5/5, , 6
2020/6/2, , 6
2020/6/22, , 3
2020/2/2, , 60
2019/9/30, , 27
2019/10/2, , 39
2019/10/14, , 87
2019/10/23, , 102
2019/10/30, , 108
2019/11/3, , 136
2019/12/20, , 132
2019/7/4, , 50
2019/8/8, , 47
2019/8/12, , 20
2019/8/25, , 52
2019/9/12, , 193
2019/9/24, , 47
2019/6/7, , 145
2018/10/3, , 99
2018/8/19, , 26